4/17/2024 19:32,981,25.42,48,42,1,1,23.49,21.16
4/17/2024 19:32,310,21.79,52,97.5,1,1,21.83,24.07
4/17/2024 19:32,599,29.72,66,130.5,1,1,24.01,24.09
4/17/2024 19:33,837,22.88,50,81,1,1,21.22,22.72
4/17/2024 19:33,700,28.18,53,48,1,1,20.25,22.64
4/17/2024 19:33,662,21.75,57,13.5,1,1,20.9,21.69
4/17/2024 19:34,320,26.01,40,27,1,1,24.44,24.44
4/17/2024 19:34,823,20.53,49,70.5,1,1,22.7,24.03
4/17/2024 19:34,993,28.57,58,34.5,1,1,21.08,20.17
4/17/2024 19:35,430,28.36,45,141,1,1,22.28,21.33
4/17/2024 19:35,579,20.1,68,150,1,1,24.04,23.17
4/17/2024 19:35,388,22.22,48,87,1,1,24.25,20.12
4/17/2024 19:36,516,22.29,58,63,1,1,24.95,21.31
4/17/2024 19:36,646,24.99,58,66,1,1,24.77,24.2
4/17/2024 19:36,794,21.76,61,18,1,1,24.39,21.73
4/17/2024 19:37,872,25.39,61,91.5,1,1,23.66,21.41
4/17/2024 19:37,629,22.11,64,16.5,1,1,21.04,20.09
4/17/2024 19:37,776,24.65,42,97.5,1,1,20.15,24.45
4/17/2024 19:38,912,29.04,57,27,1,1,20.57,23.88
4/17/2024 19:38,569,27.88,40,10.5,1,1,24.85,21.05
4/17/2024 19:38,570,22.81,55,102,1,1,22.38,21.03
4/17/2024 19:39,702,27.21,56,27,1,1,20.76,22.93
4/17/2024 19:39,822,21.4,45,139.5,1,1,20.51,23.77
4/17/2024 19:39,782,28.06,58,45,1,1,23.02,21.08
4/17/2024 19:40,789,23.69,49,129,1,1,23.6,22.16
4/17/2024 19:40,428,20.29,60,40.5,1,1,20.85,22.25
4/17/2024 19:40,749,28.05,48,25.5,1,1,23.35,23.75
4/17/2024 19:41,375,25.83,50,31.5,1,1,23.04,24.6
4/17/2024 19:41,610,25.52,64,99,1,1,21.27,24.26
4/17/2024 19:41,881,25.74,67,127.5,1,1,21.4,20.23
4/17/2024 19:42,912,28.05,67,117,1,1,22.4,24.34
4/17/2024 19:42,377,29.72,58,63,1,1,22.93,24.31
4/17/2024 19:42,881,20.41,46,60,1,1,23.46,24.76
4/17/2024 19:43,930,26.34,42,130.5,1,1,23.07,24.7
4/17/2024 19:43,503,25.14,55,117,1,1,23.94,20.61
4/17/2024 19:43,963,29.37,44,96,1,1,24.82,21.09
4/17/2024 19:44,891,24.91,54,19.5,1,1,23.34,20.68
4/17/2024 19:44,459,27.76,64,31.5,1,1,21.11,21.64
4/17/2024 19:44,567,24.52,50,73.5,1,1,21.07,21.88
4/17/2024 19:45,934,29.22,54,1.5,1,1,22.39,23.58
4/17/2024 19:45,334,23.69,41,75,1,1,20.35,21.62
4/17/2024 19:45,363,24.64,49,94.5,1,1,20.31,21.54
4/17/2024 19:46,348,28.37,67,81,1,1,20.47,24.55
4/17/2024 19:46,980,22.41,64,27,1,1,22.68,23.38
4/17/2024 19:46,455,24.87,57,34.5,1,1,20.45,22.27
4/17/2024 19:47,857,28.1,49,91.5,1,1,20.58,23.69
4/17/2024 19:47,549,23.6,51,133.5,1,1,23.81,24.88
4/17/2024 19:47,493,26.4,50,21,1,1,22.55,24.79
4/17/2024 19:48,699,26.37,69,37.5,1,1,24.29,23.92
4/17/2024 19:48,867,25.24,54,121.5,1,1,24.11,21.88
4/17/2024 19:48,671,27.46,48,90,1,1,23.96,22.86
4/17/2024 19:49,728,23.72,64,12,1,1,20.56,23.17
4/17/2024 19:49,520,27.28,49,70.5,1,1,21.36,22.95
4/17/2024 19:49,508,26.16,59,81,1,1,22.6,22.08
4/17/2024 19:50,610,29.09,41,58.5,1,1,22.09,22.04
4/17/2024 19:50,976,23.3,48,135,1,1,20.9,23.71
4/17/2024 19:50,415,27.12,58,112.5,1,1,24.73,22.94
4/17/2024 19:51,964,23.05,42,1.5,1,1,22.92,20.93
4/17/2024 19:51,798,28.64,64,144,1,1,23.88,20.01
4/17/2024 19:51,690,25.45,57,90,1,1,20.89,24.59
4/17/2024 19:52,435,23.58,68,112.5,1,1,22.13,22.79
4/17/2024 19:52,824,26.48,53,54,1,1,23.61,24.7
4/17/2024 19:52,392,22.38,42,91.5,1,1,21.35,20.64
4/17/2024 19:53,823,29.72,62,130.5,1,1,23.03,24.87
4/17/2024 19:53,815,20.28,69,102,1,1,20.86,22.88
4/17/2024 19:53,518,29.87,50,147,1,1,21.17,23.77
4/17/2024 19:54,366,28.84,62,127.5,1,1,24.24,20.52
4/17/2024 19:54,380,20.33,47,49.5,1,1,20.76,23.4
4/17/2024 19:54,655,25.45,59,93,1,1,23.03,24.99
4/17/2024 19:55,478,28.52,41,6,1,1,24.35,24.88
4/17/2024 19:55,791,28.06,65,24,1,1,24.06,20.57
4/17/2024 19:55,450,25.07,51,136.5,1,1,24.53,21.6
4/17/2024 19:56,688,23.8,61,18,1,1,24.26,24.12
4/17/2024 19:56,427,27.22,44,9,1,1,21.02,22.5
4/17/2024 19:56,464,28.08,56,126,1,1,20.47,20.92
4/17/2024 19:57,830,24.3,50,130.5,1,1,24.15,24.23
4/17/2024 19:57,351,21.09,63,75,1,1,24.38,22.34
4/17/2024 19:57,827,23.21,42,63,1,1,23.03,21.64
4/17/2024 19:58,560,26.08,62,46.5,1,1,23.62,22.14
4/17/2024 19:58,795,22.57,58,52.5,1,1,23.68,20.15
4/17/2024 19:58,960,25.49,51,121.5,1,1,22.68,20.28
4/17/2024 19:59,403,21.28,49,48,1,1,20.43,22.64
4/17/2024 19:59,435,24.87,63,16.5,1,1,21.69,20.16
4/17/2024 19:59,385,24.64,48,123,1,1,22.77,20.52
4/17/2024 20:00,945,28.03,59,21,1,1,24.75,20.85
4/17/2024 20:00,889,21.27,46,45,1,1,23.09,22.65
4/17/2024 20:00,701,26.97,58,85.5,1,1,22.08,22.51
4/17/2024 20:01,362,22.12,47,109.5,1,1,22.16,22.31
4/17/2024 20:01,548,21.08,48,105,1,1,23.53,22.32
4/17/2024 20:01,572,23.64,61,111,1,1,23.68,22.61
4/17/2024 20:02,890,22.83,60,4.5,1,1,20.29,20.42
4/17/2024 20:02,361,27.92,66,91.5,1,1,20.03,21.26
4/17/2024 20:02,488,25.82,69,18,1,1,22.77,22.91
4/17/2024 20:03,526,29.71,40,58.5,1,1,22.78,22.97
4/17/2024 20:03,591,25.26,56,43.5,1,1,23.33,22.26
4/17/2024 20:03,443,26.24,55,45,1,1,23.9,22.21
4/17/2024 20:04,544,26.78,53,63,1,1,23.87,21.52
4/17/2024 20:04,614,22.21,51,22.5,1,1,23.93,20.88
4/17/2024 20:04,917,25.04,60,78,1,1,21.62,22.69
4/17/2024 20:05,311,20.43,51,132,1,1,24.55,24.75
4/17/2024 20:05,763,24.01,62,109.5,1,1,23.33,20.15
4/17/2024 20:05,691,22.1,68,22.5,1,1,21.67,23.3
4/17/2024 20:06,753,20.53,46,12,1,1,23.14,21.75
4/17/2024 20:06,984,24.97,44,24,1,1,21.43,22.6
4/17/2024 20:06,888,22.16,69,30,1,1,24.16,23.17
4/17/2024 20:07,987,27.51,48,75,1,1,23.33,21.21
4/17/2024 20:07,833,25.55,62,127.5,1,1,24.18,20.61
4/17/2024 20:07,875,24.42,56,6,1,1,20.75,22.1
4/17/2024 20:08,936,28.05,69,124.5,1,1,20.09,24.8
4/17/2024 20:08,575,29.63,62,120,1,1,24.26,20.45
4/17/2024 20:08,769,22.37,40,49.5,1,1,20.47,22.78
4/17/2024 20:09,945,29.46,53,120,1,1,23.83,22.15
4/17/2024 20:09,321,27.33,50,52.5,1,1,24.87,22.56
4/17/2024 20:09,707,27.3,56,37.5,1,1,22.78,22.45
4/17/2024 20:10,830,27.82,46,97.5,1,1,22.58,20.9
4/17/2024 20:10,643,28.15,53,33,1,1,24.82,24.68
4/17/2024 20:10,876,20.92,70,121.5,1,1,21.43,21.57
4/17/2024 20:11,885,23.34,58,57,1,1,22.12,21.2
4/17/2024 20:11,699,21.7,56,9,1,1,24.11,22.97
4/17/2024 20:11,490,25.46,68,100.5,1,1,24.64,20.16
4/17/2024 20:12,791,28.67,54,4.5,1,1,24.68,21.46
4/17/2024 20:12,673,25.74,43,109.5,1,1,22.21,22.8
4/17/2024 20:12,581,21.76,54,103.5,1,1,22.67,20.66
4/17/2024 20:13,864,26.6,67,55.5,1,1,24.44,22.42
4/17/2024 20:13,802,28.85,60,58.5,0,1,22.29,22.03
4/17/2024 20:13,687,22.63,54,58.5,1,1,23.07,20.15
4/17/2024 20:14,841,25.62,54,6,1,1,23.59,23.92
4/17/2024 20:14,738,25.86,57,69,1,1,21.74,23.32
4/17/2024 20:14,432,25.09,62,9,1,1,23.86,24.51
4/17/2024 20:15,909,21.88,42,96,1,1,21.73,24.52
4/17/2024 20:15,539,25.4,50,57,1,1,22.2,21.45
4/17/2024 20:15,471,25.17,47,10.5,1,1,21.62,20.76
4/17/2024 20:16,643,20.92,67,123,1,1,22.91,23.36
4/17/2024 20:16,339,23.33,54,25.5,1,1,22.76,24.86
4/17/2024 20:16,355,25.39,69,19.5,1,1,21.16,20.41
4/17/2024 20:17,328,29.8,51,40.5,1,1,23.97,20.61
4/17/2024 20:17,831,27.86,68,73.5,1,1,24.77,21.07
4/17/2024 20:17,358,22.56,60,97.5,1,1,23.18,20.36
4/17/2024 20:18,310,22.82,47,123,1,1,23.86,23.37
4/17/2024 20:18,697,27.74,41,96,1,1,20.14,20.96
4/17/2024 20:18,726,28.66,65,12,1,1,23.31,24.04
4/17/2024 20:19,327,27.92,69,138,1,1,24.72,22.73
4/17/2024 20:19,357,21.67,43,43.5,1,1,23.78,21.83
4/17/2024 20:19,302,29.82,61,72,1,1,21.86,21.47
4/17/2024 20:20,858,28.16,49,88.5,1,1,22.46,23.13
4/17/2024 20:20,548,27.61,52,60,1,1,24.28,21.75
4/17/2024 20:20,348,20.55,45,97.5,1,1,22.94,24.26
4/17/2024 20:21,603,24.41,70,135,1,1,20.43,23.65
4/17/2024 20:21,419,23.58,40,145.5,1,1,24.86,24.9
4/17/2024 20:21,433,21.66,49,25.5,1,1,24.73,21.94
4/17/2024 20:22,927,26.09,65,64.5,1,1,24.2,23.35
4/17/2024 20:22,316,27.9,46,3,1,1,24.58,23.67
4/17/2024 20:22,872,29.27,55,129,1,1,20.45,24.49
4/17/2024 20:23,936,21.3,61,100.5,1,1,20.83,22.21
4/17/2024 20:23,582,24.46,46,109.5,1,1,23.75,24.53
4/17/2024 20:23,537,21.28,45,69,1,1,22.29,20.57
4/17/2024 20:24,631,23.1,63,42,1,1,21.61,20.69
4/17/2024 20:24,856,23.96,41,40.5,1,1,23.52,23.05
4/17/2024 20:24,393,21.66,40,52.5,1,1,23.73,23.55
4/17/2024 20:25,704,21.26,69,123,1,1,24.66,20.06
4/17/2024 20:25,509,27.46,66,24,1,1,20.17,21.6
4/17/2024 20:25,748,24.91,47,27,1,1,20.55,20.41
4/17/2024 20:26,523,23.05,49,28.5,1,1,24.5,20.96
4/17/2024 20:26,780,23.15,50,1.5,1,1,21.32,20.31
4/17/2024 20:26,442,26.33,50,58.5,1,1,23.49,22.22
4/17/2024 20:27,882,22.41,66,142.5,1,1,22.52,23.05
4/17/2024 20:27,806,28.76,62,33,1,1,20.88,20.1
4/17/2024 20:27,480,29.41,65,114,1,1,21.18,21.4
4/17/2024 20:28,662,22.89,43,33,1,1,23.51,21.76
4/17/2024 20:28,729,20.22,43,33,1,1,20.93,24.17
4/17/2024 20:28,306,28.76,53,52.5,1,1,20.55,23.94
4/17/2024 20:29,820,23.34,44,127.5,1,1,22.56,21.25
4/17/2024 20:29,674,21.27,67,103.5,1,1,20.9,21.26
4/17/2024 20:29,899,25.8,62,51,1,1,20.03,22.77
4/17/2024 20:30,904,23.4,52,108,1,1,23.96,21.58
4/17/2024 20:30,570,28.51,59,78,1,1,20.86,20.17
4/17/2024 20:30,914,28.85,53,64.5,1,1,20.47,21.06
4/17/2024 20:31,774,20.36,43,106.5,1,1,21.44,21.8
4/17/2024 20:31,476,28.64,42,121.5,1,1,21.82,23.43
4/17/2024 20:31,605,23.83,46,109.5,1,1,22.81,23.95
4/17/2024 20:32,857,25.9,69,40.5,1,1,21.39,20.25
4/17/2024 20:32,573,24.17,53,39,1,1,21.3,21.4
4/17/2024 20:32,989,24.47,64,9,1,1,22.58,24.22
4/17/2024 20:33,570,24.23,54,6,1,1,23.55,24.77
4/17/2024 20:33,583,21.44,45,96,1,1,22.69,23.02
4/17/2024 20:33,509,29.9,47,124.5,1,1,24.85,23.32
4/17/2024 20:34,510,24.47,62,46.5,1,1,21.9,21.94
4/17/2024 20:34,580,20.59,54,76.5,1,1,24.98,22.75
4/17/2024 20:34,953,20.4,62,148.5,1,1,23.48,23.62
4/17/2024 20:35,370,23.53,42,142.5,1,1,20.55,22.68
4/17/2024 20:35,890,21.73,48,24,1,1,21.99,21.27
4/17/2024 20:35,351,25.18,55,87,1,1,23.43,20.73
4/17/2024 20:36,776,21.77,48,138,1,1,23.42,23.24
4/17/2024 20:36,437,21.73,42,46.5,1,1,20.55,20.29
4/17/2024 20:36,941,27.52,52,96,1,1,21.66,23.14
4/17/2024 20:37,624,23.01,70,150,1,1,24.07,20.5
4/17/2024 20:37,449,20.96,52,115.5,1,1,20.32,20.45
4/17/2024 20:37,905,25.06,51,51,1,1,20.24,21.28
4/17/2024 20:38,404,27.91,64,81,1,1,24.03,22.77
4/17/2024 20:38,385,27.95,54,118.5,1,1,20.88,22.93
4/17/2024 20:38,612,22.35,65,27,1,1,23.17,21.69
4/17/2024 20:39,875,20.39,46,30,1,1,21.56,21.26
4/17/2024 20:39,458,28.99,55,85.5,1,1,20.57,21.47
4/17/2024 20:39,513,20.81,42,136.5,1,1,23.19,21.91
4/17/2024 20:40,705,20.19,67,79.5,1,1,21.67,24.07
4/17/2024 20:40,598,21.36,42,34.5,1,1,20.11,22.09
4/17/2024 20:40,329,27.73,47,117,1,1,22.74,24.52
4/17/2024 20:41,492,21.15,67,49.5,1,1,23.27,23.62
4/17/2024 20:41,461,26.14,55,57,1,1,22.29,23.82
4/17/2024 20:41,660,28.28,56,85.5,1,1,23.34,20.68
4/17/2024 20:42,950,29.52,42,93,1,1,20.65,20.32
4/17/2024 20:42,981,27.33,47,70.5,1,1,21.37,24.66
4/17/2024 20:42,386,27.17,51,84,1,1,20.65,21.62
4/17/2024 20:43,800,25.69,53,34.5,1,1,22.75,20.63
4/17/2024 20:43,863,24.92,65,97.5,1,1,20.76,20.88
4/17/2024 20:43,329,23.81,47,24,1,1,20.24,24.98
4/17/2024 20:44,877,25.83,46,61.5,1,1,20.54,23.75
4/17/2024 20:44,572,25.73,54,10.5,1,1,21.89,23.23
4/17/2024 20:44,333,26.52,66,18,1,1,20.03,22.46
4/17/2024 20:45,603,29.17,59,73.5,1,1,22.28,22.92
4/17/2024 20:45,337,20.58,44,60,1,1,21.69,24.58
4/17/2024 20:45,335,20.86,57,28.5,1,1,23.02,21.03
4/17/2024 20:46,660,26.81,60,121.5,1,1,22.59,22.27
4/17/2024 20:46,549,24.99,56,145.5,1,1,23.83,23.36
4/17/2024 20:46,544,20.8,40,148.5,1,1,21.31,20.26
4/17/2024 20:47,379,22.56,47,52.5,1,1,24.88,23.68
4/17/2024 20:47,998,25.6,41,87,1,1,21.73,23.51
4/17/2024 20:47,922,23.96,44,34.5,1,1,23.67,21.75
4/17/2024 20:48,947,27.29,50,114,1,1,20.27,20.43
4/17/2024 20:48,998,20.98,48,1.5,1,1,20.4,21.78
4/17/2024 20:48,533,29.78,66,87,1,1,20.02,23.8
4/17/2024 20:49,569,21.18,43,82.5,1,1,22.29,23.1
4/17/2024 20:49,715,27.73,68,43.5,1,1,22.03,22.09
4/17/2024 20:49,665,22.08,52,82.5,1,1,21.48,21.36
4/17/2024 20:50,761,26.78,47,3,1,1,23.88,23.69
4/17/2024 20:50,741,20.49,63,114,1,1,23.78,20.52
4/17/2024 20:50,591,23.32,61,120,1,1,23.92,20.13
4/17/2024 20:51,378,22.69,41,82.5,1,1,23.3,23.94
4/17/2024 20:51,968,22.15,43,51,1,1,21.35,23.1
4/17/2024 20:51,727,29.03,53,3,1,1,24.53,20.78
4/17/2024 20:52,791,29.98,59,36,1,1,21.87,21.75
4/17/2024 20:52,998,24.82,44,46.5,1,1,21.08,22.28
4/17/2024 20:52,710,27.83,42,88.5,1,1,22.66,22
4/17/2024 20:53,573,24.02,59,24,1,1,22.07,23.49
4/17/2024 20:53,703,27.72,57,15,1,1,21.13,21.46
4/17/2024 20:53,776,23.83,51,96,1,1,23.03,20.52
4/17/2024 20:54,500,25.11,65,64.5,1,1,21.04,22.6
4/17/2024 20:54,940,27.51,40,82.5,1,1,20.44,21.33
4/17/2024 20:54,952,23.91,59,36,1,1,22.83,23.62
4/17/2024 20:55,998,26.08,51,16.5,1,1,21.24,24.59
4/17/2024 20:55,399,28.46,64,124.5,1,1,24.54,22.96
4/17/2024 20:55,348,21.24,49,118.5,1,1,21.6,23.47
4/17/2024 20:56,779,29.08,56,60,1,1,24.49,20.31
4/17/2024 20:56,337,20.31,67,12,1,1,24.87,24.04
4/17/2024 20:56,886,25.32,48,85.5,1,1,23.69,22.08
4/17/2024 20:57,458,21.49,49,115.5,1,1,22.26,21.43
4/17/2024 20:57,678,21.33,69,70.5,1,1,22.84,22.64
4/17/2024 20:57,327,27.84,41,90,1,1,23.18,22.39
4/17/2024 20:58,786,26.86,56,54,1,1,21.26,21.1
4/17/2024 20:58,992,24.39,67,133.5,1,1,20.98,21.16
4/17/2024 20:58,903,20.94,52,112.5,1,1,22.99,24.66
4/17/2024 20:59,971,26.5,70,88.5,1,1,22.02,20.55
4/17/2024 20:59,332,25.95,70,76.5,1,1,21.47,24.58
4/17/2024 20:59,463,29.37,70,88.5,1,1,22.12,22.27
4/17/2024 21:00,787,29.52,40,70.5,1,1,20.73,20.06
4/17/2024 21:00,850,25.06,43,54,1,1,24,22.62
4/17/2024 21:00,886,29.23,65,70.5,1,1,21.87,21.43
4/17/2024 21:01,406,25.04,41,111,1,1,24.5,20.42
4/17/2024 21:01,908,24.07,70,40.5,1,1,20.14,20.82
4/17/2024 21:01,757,26.3,42,22.5,1,1,22.73,23.4
4/17/2024 21:02,491,24,58,148.5,1,1,23.26,22.95
4/17/2024 21:02,460,23.94,63,73.5,1,1,20.41,21.75
4/17/2024 21:02,508,20.49,50,102,1,1,24.16,20.48
4/17/2024 21:03,688,25.08,70,30,1,1,21.59,24.25
4/17/2024 21:03,778,22.13,66,82.5,1,1,23.4,23.32
4/17/2024 21:03,775,29.07,50,120,1,1,22.15,20.82
4/17/2024 21:04,493,22.79,48,99,1,1,21.86,20.76
4/17/2024 21:04,896,24.58,56,97.5,1,1,24.51,22.59
4/17/2024 21:04,737,27.44,52,13.5,1,1,20.38,21.74
4/17/2024 21:05,801,27.21,59,72,1,1,24.77,24.85
4/17/2024 21:05,486,25.85,54,105,1,1,22.33,22.16
4/17/2024 21:05,375,23.64,43,88.5,1,1,20.23,22.72
4/17/2024 21:06,999,20.64,49,103.5,1,1,24.43,21.45
4/17/2024 21:06,810,25.31,52,91.5,1,1,22.9,22.97
4/17/2024 21:06,311,29.52,64,138,1,1,20.33,23.8
4/17/2024 21:07,787,24.01,41,127.5,1,1,23.95,22.4
4/17/2024 21:07,781,27.58,67,63,1,1,23.13,23.33
4/17/2024 21:07,559,24.65,70,145.5,1,1,23.89,21.71
4/17/2024 21:08,796,25.99,69,112.5,1,1,22.2,20.58
4/17/2024 21:08,692,21.25,70,82.5,1,1,23.01,23.7
4/17/2024 21:08,821,21,60,87,1,1,23.53,24.92
4/17/2024 21:09,823,27.96,42,133.5,1,1,22.46,20.5
4/17/2024 21:09,870,28.34,57,118.5,1,1,21.85,23.5
4/17/2024 21:09,701,21.98,41,19.5,1,1,24.13,20.55
4/17/2024 21:10,631,28.52,40,147,1,1,24.56,21.83
4/17/2024 21:10,795,25.8,56,132,1,1,22.15,22.8
4/17/2024 21:10,560,21.88,52,58.5,1,1,21.52,20.47
4/17/2024 21:11,718,21.1,68,67.5,1,1,21.38,21.16
4/17/2024 21:11,550,27.69,65,34.5,1,1,20.37,20.15
4/17/2024 21:11,991,24.43,55,16.5,1,1,24.37,21.36
4/17/2024 21:12,931,21.46,47,147,1,1,24.73,22.81
4/17/2024 21:12,324,22.13,65,93,1,1,22.56,20.96
4/17/2024 21:12,397,27.15,47,49.5,1,1,20.28,23.06
4/17/2024 21:13,480,20.09,47,75,1,1,24.48,21.75
4/17/2024 21:13,334,26.27,47,115.5,1,1,21.35,23.68
4/17/2024 21:13,344,29.15,66,33,1,1,21.44,20.26
4/17/2024 21:14,844,24.05,51,132,1,1,22.5,24.06
4/17/2024 21:14,879,29.26,62,117,1,1,24.64,23.06
4/17/2024 21:14,601,20.27,52,93,1,1,24.96,23.04
4/17/2024 21:15,520,27.87,46,78,1,1,24.06,21.41
4/17/2024 21:15,706,23.58,68,6,1,1,24.13,24.03
4/17/2024 21:15,381,25.07,46,115.5,1,1,21.45,21.89
4/17/2024 21:16,570,20.14,46,3,1,1,23.65,20.62
4/17/2024 21:16,338,25.06,57,112.5,1,1,20.85,23.73
4/17/2024 21:16,831,25.29,55,81,1,1,23.89,22.88
4/17/2024 21:17,933,28.29,55,94.5,1,1,20.46,20.3
4/17/2024 21:17,585,23.68,65,127.5,1,1,21.83,20
4/17/2024 21:17,473,24.83,68,84,1,1,21.83,21.83
4/17/2024 21:18,836,26.76,68,144,1,1,21.38,20.58
4/17/2024 21:18,608,27.31,61,72,1,1,22.58,24.02
4/17/2024 21:18,454,25.78,42,120,1,1,22.34,23.06
4/17/2024 21:19,455,24.77,44,33,1,1,24.32,23.52
4/17/2024 21:19,536,23.98,43,66,1,1,21.96,22.79
4/17/2024 21:19,510,22.12,47,57,1,1,24.4,21.12
4/17/2024 21:20,641,23.2,43,57,1,1,24.79,22.58
4/17/2024 21:20,674,20.38,62,106.5,1,1,20.06,21.29
4/17/2024 21:20,914,22.86,68,132,1,1,22.48,23.17
4/17/2024 21:21,742,21.23,40,109.5,1,1,24.78,24.09
4/17/2024 21:21,610,26.86,66,24,1,1,22.81,23.62
4/17/2024 21:21,892,27.94,66,112.5,1,1,20.59,21.03
4/17/2024 21:22,359,21.1,43,144,1,1,21.71,24.27
4/17/2024 21:22,689,28.9,43,72,1,1,23.55,23.27
4/17/2024 21:22,625,21.15,54,100.5,1,1,24.92,20.07
4/17/2024 21:23,907,24.17,42,45,1,1,20.46,20.38
4/17/2024 21:23,610,21.46,44,136.5,1,1,22.11,20.03
4/17/2024 21:23,776,23.02,41,69,1,1,22.3,20.18
4/17/2024 21:24,586,27.51,69,85.5,1,1,22.9,20.05
4/17/2024 21:24,631,21.11,52,114,1,1,23.04,24.27
4/17/2024 21:24,586,21.21,51,57,1,1,22.78,23.82
4/17/2024 21:25,923,27.33,62,58.5,1,1,24.51,22.33
4/17/2024 21:25,813,25.28,63,81,1,1,22.88,24.32
4/17/2024 21:25,440,21.25,55,1.5,1,1,24.88,21.75
4/17/2024 21:26,691,20.7,52,30,1,1,21.34,22.92
4/17/2024 21:26,400,26.23,59,33,1,1,20.54,23.83
4/17/2024 21:26,631,27.64,56,40.5,1,1,24.55,20.47
4/17/2024 21:27,939,27.43,53,106.5,1,1,22.19,22.64
4/17/2024 21:27,602,20.4,70,114,1,1,22,22.42
4/17/2024 21:27,620,27.2,64,123,1,1,22.77,23.94
4/17/2024 21:28,585,28.59,69,54,1,1,20.07,22.65
4/17/2024 21:28,845,25.35,41,49.5,1,1,24.08,22.68
4/17/2024 21:28,503,29.58,65,46.5,1,1,20.24,23.96
4/17/2024 21:29,875,21.43,70,123,1,1,21.35,21.81
4/17/2024 21:29,594,26.52,59,72,1,1,21.33,23.3
4/17/2024 21:29,673,21.72,56,118.5,1,1,22.79,23.33
4/17/2024 21:30,557,22.2,43,118.5,1,1,22.32,21.86
4/17/2024 21:30,856,26.59,65,45,1,1,22.55,22.01
4/17/2024 21:30,589,28.26,62,118.5,1,1,23.34,20.33
4/17/2024 21:31,377,20.91,58,78,1,1,24.12,22.59
4/17/2024 21:31,728,20.49,60,57,1,1,20.96,24.73
4/17/2024 21:31,724,27.21,54,1.5,1,1,23.54,21.59
4/17/2024 21:32,458,20.58,57,64.5,1,1,23.9,24.96
4/17/2024 21:32,820,24.2,68,22.5,1,1,21.21,22.41
4/17/2024 21:32,545,26.35,47,49.5,1,1,24.78,23.83
4/17/2024 21:33,997,27.77,42,46.5,1,1,24.67,23.31
4/17/2024 21:33,440,26.82,68,67.5,1,1,22.05,22.13
4/17/2024 21:33,463,23.37,46,111,1,1,20.19,21.45
4/17/2024 21:34,537,29.46,52,97.5,1,1,23.49,21.79
4/17/2024 21:34,468,20.98,59,15,1,1,23.02,22.32
4/17/2024 21:34,524,27.49,59,1.5,1,1,23.01,23.65
4/17/2024 21:35,486,24.37,44,108,1,1,22.84,23.97
4/17/2024 21:35,681,20.31,62,127.5,1,1,24.41,23.21
4/17/2024 21:35,776,27.81,59,96,1,1,22.57,20.18
4/17/2024 21:36,706,20.59,67,78,1,1,24.23,22.04
4/17/2024 21:36,664,27.97,70,33,1,1,20.48,23.01
4/17/2024 21:36,802,22.79,47,67.5,1,1,21.94,21.34
4/17/2024 21:37,524,27.89,53,37.5,1,1,23.82,21.66
4/17/2024 21:37,573,21.25,62,21,1,1,20.29,23.83
4/17/2024 21:37,954,25.42,51,27,1,1,21.18,23.42
4/17/2024 21:38,410,24.34,51,66,1,1,21.8,24.95
4/17/2024 21:38,354,26.52,57,7.5,1,1,22.27,20.27
4/17/2024 21:38,380,24.06,65,85.5,1,1,22.21,24.79
4/17/2024 21:39,923,29.81,46,94.5,1,1,20.42,23.68
4/17/2024 21:39,939,27.73,69,93,1,1,21.46,23.48
4/17/2024 21:39,920,22.32,67,75,1,1,20.81,22.28
4/17/2024 21:40,943,27.03,43,60,1,1,20.73,24.42
4/17/2024 21:40,685,25.84,62,106.5,1,1,21.01,20.17
4/17/2024 21:40,791,20.19,65,52.5,1,1,20.38,23.55
4/17/2024 21:41,614,28.85,65,132,1,1,21.54,24.45
4/17/2024 21:41,692,24.94,42,90,1,1,22.41,22.53
4/17/2024 21:41,743,22.65,45,105,1,1,20.23,23.97
4/17/2024 21:42,614,24.85,46,60,1,1,21.59,22.24
4/17/2024 21:42,497,23.53,59,21,1,1,22.19,24.65
4/17/2024 21:42,737,27.22,52,148.5,1,1,21.99,24.2
4/17/2024 21:43,407,24.78,55,0,1,1,21.22,22.79
4/17/2024 21:43,823,20.1,43,66,1,1,20.02,20.83
4/17/2024 21:43,856,25.07,49,126,1,1,20.09,24.55
4/17/2024 21:44,659,20.28,44,10.5,1,1,24.38,20.58
4/17/2024 21:44,673,26.27,69,25.5,1,1,23.68,20.58
4/17/2024 21:44,935,23.76,42,45,1,1,20.26,21.51
4/17/2024 21:45,492,27.38,64,22.5,1,1,24.5,23.79
4/17/2024 21:45,626,25.9,48,112.5,1,1,21.85,22.89
4/17/2024 21:45,466,21.14,54,147,1,1,21.19,20.25
4/17/2024 21:46,674,20.24,55,3,1,1,21.86,24.75
4/17/2024 21:46,793,26.2,62,48,1,1,20.97,21.23
4/17/2024 21:46,849,29.04,49,123,1,1,24.5,23.81
4/17/2024 21:47,767,29.26,42,115.5,1,1,21.15,22.48
4/17/2024 21:47,833,23.75,43,87,1,1,20.78,22.09
4/17/2024 21:47,907,21.33,45,70.5,1,1,20.93,24.05
4/17/2024 21:48,533,22.61,45,82.5,1,1,21.39,20.09
4/17/2024 21:48,579,21.91,60,66,1,1,22.17,21.23
4/17/2024 21:48,976,23.21,60,82.5,1,1,21.85,21.83
4/17/2024 21:49,609,28.07,69,39,1,1,24.1,24.22
4/17/2024 21:49,434,28.4,49,72,1,1,24.1,20.93
4/17/2024 21:49,745,28.98,40,76.5,1,1,21.18,22.08
4/17/2024 21:50,558,23.7,69,48,1,1,22.99,22.9
4/17/2024 21:50,395,21.39,52,48,1,1,22.76,24.11
4/17/2024 21:50,641,29.58,51,13.5,1,1,21.61,22.48
4/17/2024 21:51,947,28.19,46,106.5,1,1,21.56,20.92
4/17/2024 21:51,615,21.08,47,16.5,1,1,23.09,20.65
4/17/2024 21:51,858,25.38,57,36,1,1,20.58,23.3
4/17/2024 21:52,420,25.15,48,27,1,1,22.06,24.15
4/17/2024 21:52,498,24.51,47,142.5,1,1,21.14,22.75
4/17/2024 21:52,535,23.9,67,1.5,1,1,20.17,20.67
4/17/2024 21:53,951,27.83,61,78,1,1,23.1,23.03
4/17/2024 21:53,306,25.91,40,141,1,1,21.06,22.19
4/17/2024 21:53,685,22.78,65,31.5,1,1,21.45,24.76
4/17/2024 21:54,768,26.57,69,135,1,1,22.37,24.53
4/17/2024 21:54,437,27.73,68,52.5,1,1,21.85,21.72
4/17/2024 21:54,588,21.33,57,117,1,1,24.21,22.24
4/17/2024 21:55,661,20.86,51,64.5,1,1,23.2,24.82
4/17/2024 21:55,977,29.75,56,0,1,1,23.85,23.73
4/17/2024 21:55,932,21.54,50,118.5,1,1,24.76,21.74
4/17/2024 21:56,447,29.59,41,69,1,1,21.09,20.77
4/17/2024 21:56,915,25.14,42,13.5,1,1,21.18,21.38
4/17/2024 21:56,495,27.59,44,118.5,1,1,23.33,20.73
4/17/2024 21:57,546,21.01,54,148.5,1,1,23.23,23.09
4/17/2024 21:57,744,24.36,49,3,1,1,24.02,23.83
4/17/2024 21:57,380,26.82,63,129,1,1,22.58,24.38
4/17/2024 21:58,352,26.7,66,117,1,1,21.06,21.01
4/17/2024 21:58,495,27.18,46,123,1,1,22.88,23.28
4/17/2024 21:58,331,27.71,67,9,1,1,23.89,22.03
4/17/2024 21:59,908,21.58,52,30,1,1,22.95,23.87
4/17/2024 21:59,712,28.81,56,52.5,1,1,21.64,22.58
4/17/2024 21:59,542,20.12,56,6,1,1,21.56,23.27
4/17/2024 22:00,339,20.8,65,34.5,1,1,21.09,24.48
4/17/2024 22:00,879,27.73,70,34.5,1,1,21.47,23.66
4/17/2024 22:00,640,27.04,48,82.5,1,1,20.49,20.76
4/17/2024 22:01,967,29.22,56,129,1,1,24.95,20.86
4/17/2024 22:01,792,27.71,41,115.5,1,1,22.48,21.56
4/17/2024 22:01,691,27.29,47,43.5,1,1,21.23,22.36
4/17/2024 22:02,733,23.93,59,81,1,1,20.57,23.68
4/17/2024 22:02,531,24.69,40,103.5,1,1,23.83,23.11
4/17/2024 22:02,917,22.79,53,145.5,1,1,23.77,22.62
4/17/2024 22:03,357,28.09,44,39,1,1,22.23,20.99
4/17/2024 22:03,622,27.75,54,105,1,1,21.64,21.26
4/17/2024 22:03,670,24.06,51,63,1,1,23.58,24.66
4/17/2024 22:04,551,21.36,54,70.5,1,1,20.3,22.47
4/17/2024 22:04,559,22.46,50,27,1,1,23.35,21.23
4/17/2024 22:04,434,22.4,63,102,1,1,20.76,23.35
4/17/2024 22:05,806,24.62,69,147,1,1,22.54,22.16
4/17/2024 22:05,428,21.06,60,97.5,1,1,24.46,24.72
4/17/2024 22:05,370,26.55,44,100.5,1,1,20.16,24.43
4/17/2024 22:06,1000,25.64,57,129,1,1,20.41,22.39
4/17/2024 22:06,854,27.04,69,111,1,1,24.3,24.25
4/17/2024 22:06,951,27.74,60,36,1,1,22.87,24.31
4/17/2024 22:07,871,28.88,41,84,1,1,24.33,24.59
4/17/2024 22:07,514,29.53,70,88.5,1,1,20.98,24.81
4/17/2024 22:07,944,28.37,68,93,1,1,22.98,24.77
4/17/2024 22:08,997,20.2,51,18,1,1,20,23.59
4/17/2024 22:08,857,26.22,46,36,1,1,21.68,23.46
4/17/2024 22:08,379,22.3,59,58.5,1,1,20.12,23.31
4/17/2024 22:09,933,26.06,63,15,1,1,20.11,20.6
4/17/2024 22:09,610,21.47,46,4.5,1,1,21.81,22.76
4/17/2024 22:09,305,28.02,61,57,1,1,20.14,21.29
4/17/2024 22:10,400,28.42,70,58.5,1,1,21.84,21.35
4/17/2024 22:10,627,22.5,65,94.5,1,1,22.88,22.72
4/17/2024 22:10,754,26.7,61,132,1,1,21.92,21.86
4/17/2024 22:11,794,24.78,56,64.5,1,1,24.41,21.41
4/17/2024 22:11,438,26.77,70,1.5,1,1,24.51,21.98
4/17/2024 22:11,694,25.07,61,75,1,1,22.9,21.3
4/17/2024 22:12,662,29.56,66,43.5,1,1,20.42,20.03
4/17/2024 22:12,814,27.67,40,36,1,1,23.83,22.71
4/17/2024 22:12,712,26.1,67,135,1,1,24.1,22.9
4/17/2024 22:13,349,22.27,44,76.5,1,1,22.91,20.58
4/17/2024 22:13,757,23.89,64,67.5,1,1,22.48,20.2
4/17/2024 22:13,805,23.82,56,61.5,1,1,24.92,20.12
4/17/2024 22:14,997,20.31,58,123,1,1,20.71,24.3
4/17/2024 22:14,790,22.52,46,52.5,1,1,23.46,24.1
4/17/2024 22:14,861,21.3,44,58.5,1,1,20.51,22.69
4/17/2024 22:15,1000,29.12,63,66,1,1,20.55,21.72
4/17/2024 22:15,974,27.37,40,64.5,1,1,20.08,22.54
4/17/2024 22:15,644,22.57,58,133.5,1,1,20.09,24.82
4/17/2024 22:16,328,21.62,53,73.5,1,1,21.71,21.2
4/17/2024 22:16,849,21,48,27,1,1,20.92,23.53
4/17/2024 22:16,833,25.93,69,42,1,1,23.51,21.18
4/17/2024 22:17,355,29.41,54,114,1,1,23.73,22.78
4/17/2024 22:17,973,24.07,58,118.5,1,1,21.8,20.43
4/17/2024 22:17,893,26.33,42,78,1,1,20.77,21.49
4/17/2024 22:18,469,26.5,57,6,1,1,20.5,20.1
4/17/2024 22:18,305,29.07,40,109.5,1,1,22.64,21.8
4/17/2024 22:18,685,21.84,53,3,1,1,20.8,21.59
4/17/2024 22:19,526,20.79,57,31.5,1,1,22.78,22.36
4/17/2024 22:19,704,22.34,42,148.5,1,1,21.39,21.04
4/17/2024 22:19,543,25.92,40,57,1,1,21.55,24.47
4/17/2024 22:20,322,21.03,66,10.5,1,1,21.76,20.4
4/17/2024 22:20,796,25.52,67,85.5,1,1,21.38,22.72
4/17/2024 22:20,685,26.08,45,55.5,1,1,24.83,20.69
4/17/2024 22:21,460,23.23,68,108,1,1,22.91,24.43
4/17/2024 22:21,453,27.53,40,66,1,1,23.86,23.35
4/17/2024 22:21,745,24.43,67,108,1,1,22.33,22.96
4/17/2024 22:22,341,20.2,49,126,1,1,21.13,22.99
4/17/2024 22:22,325,20.04,69,129,1,1,21.38,24.92
4/17/2024 22:22,605,24.66,70,63,1,1,23.04,23.97
4/17/2024 22:23,997,22.59,56,28.5,1,1,24.01,23.49
4/17/2024 22:23,733,21.25,43,73.5,1,1,20.74,21.43
4/17/2024 22:23,302,22.72,68,79.5,1,1,20.64,23.16
4/17/2024 22:24,708,28.64,68,135,1,1,22.21,23.76
4/17/2024 22:24,617,29.62,55,88.5,1,1,23.41,20.02
4/17/2024 22:24,364,22.11,55,124.5,1,1,21.04,22.55
4/17/2024 22:25,502,25.8,70,111,1,1,22.26,22.14
4/17/2024 22:25,608,27.24,41,127.5,1,1,22.65,21.9
4/17/2024 22:25,463,20.25,48,96,0,1,21.66,21.33
4/17/2024 22:26,872,21.22,60,94.5,1,1,24.99,24.13
4/17/2024 22:26,839,23.76,61,60,1,1,22.67,20.95
4/17/2024 22:26,734,29.15,43,90,0,1,22.15,20.78
4/17/2024 22:27,761,23.28,43,67.5,1,1,23.11,23.63
4/17/2024 22:27,722,27.2,60,142.5,1,1,22.99,20.62
4/17/2024 22:27,637,20.63,51,13.5,1,1,20.51,21.68
4/17/2024 22:28,757,27.26,68,87,1,1,24.68,20.75
4/17/2024 22:28,514,20.21,68,55.5,1,1,22.88,21.81
4/17/2024 22:28,418,22.35,54,90,1,1,21.75,24.06
4/17/2024 22:29,371,24.54,50,144,1,1,21.76,23.17
4/17/2024 22:29,912,21.37,53,54,1,1,22.33,21.56
4/17/2024 22:29,819,27.18,50,87,1,1,21.55,22.26
4/17/2024 22:30,911,22.49,63,79.5,1,1,20.02,21.22
4/17/2024 22:30,620,21.96,51,96,1,1,21.75,24.79
4/17/2024 22:30,588,20.85,50,111,1,1,21.7,21.4
4/17/2024 22:31,742,27.32,41,76.5,1,1,23.96,22.62
4/17/2024 22:31,313,28.51,64,141,1,1,22.28,23.32
4/17/2024 22:31,513,28.8,66,3,1,1,22.38,21.68
4/17/2024 22:32,859,29.02,66,28.5,1,1,23.75,23.71
4/17/2024 22:32,814,25.29,68,118.5,1,1,21.66,21.29
4/17/2024 22:32,347,29.73,68,1.5,1,1,20.27,22.79
4/17/2024 22:33,901,20.96,67,91.5,1,1,21.86,23.39
4/17/2024 22:33,853,21.98,58,117,1,1,24.46,23.47
4/17/2024 22:33,766,24,47,85.5,1,1,21.75,23.55
4/17/2024 22:34,658,28.65,57,132,1,1,23.77,22.64
4/17/2024 22:34,392,20.26,58,64.5,1,1,24.81,23.09
4/17/2024 22:34,843,27.97,68,132,1,1,24.11,22.27
4/17/2024 22:35,704,22.59,41,73.5,1,1,22.82,22.96
4/17/2024 22:35,878,28.86,40,28.5,1,1,22.06,22.48
4/17/2024 22:35,915,25.37,54,88.5,1,1,22.43,23.95
4/17/2024 22:36,537,21.21,57,120,1,1,23.83,24.04
4/17/2024 22:36,326,26.91,47,126,1,1,20.59,20.05
4/17/2024 22:36,841,22.58,41,106.5,1,1,23.98,21.83
4/17/2024 22:37,859,27.04,45,6,1,1,22.74,22.43
4/17/2024 22:37,375,29.85,60,99,1,1,20.2,23.71
4/17/2024 22:37,335,26.8,62,7.5,1,1,20.81,23.64
4/17/2024 22:38,919,21.05,66,67.5,1,1,21.45,22.46
4/17/2024 22:38,821,29.71,46,75,1,1,22.28,23.19
4/17/2024 22:38,468,27.76,56,102,1,1,24.68,24.21
4/17/2024 22:39,347,24.41,69,7.5,1,1,24.41,24.08
4/17/2024 22:39,376,26.61,55,40.5,1,1,24.34,21.04
4/17/2024 22:39,743,28.12,56,117,1,1,20.9,24.58
4/17/2024 22:40,570,24.99,69,97.5,1,1,22.71,23.7
4/17/2024 22:40,390,22.11,40,33,1,1,23.5,21.77
4/17/2024 22:40,557,28.46,55,118.5,1,1,23.55,24.11
4/17/2024 22:41,317,22.82,52,28.5,1,1,20.83,22.36
4/17/2024 22:41,749,27.04,57,72,1,1,20.11,21.69
4/17/2024 22:41,761,27.81,61,126,1,1,24.14,23.02
4/17/2024 22:42,306,22.37,47,73.5,1,1,22.51,24.9
4/17/2024 22:42,919,27.65,66,28.5,1,1,22.8,20.2
4/17/2024 22:42,416,25.55,47,114,1,1,24.79,20.46
4/17/2024 22:43,870,21.26,44,111,1,1,23.58,22.41
4/17/2024 22:43,713,27.32,47,117,1,0,21.94,22.71
4/17/2024 22:43,513,25.9,41,7.5,1,1,21.16,20.45
4/17/2024 22:44,686,24.96,57,118.5,1,0,22.13,23.19
4/17/2024 22:44,933,25.79,62,99,1,1,21.39,20.51
4/17/2024 22:44,537,23.02,56,12,1,1,22.64,24.79
4/17/2024 22:45,418,22.82,70,123,1,1,21.79,20.06
4/17/2024 22:45,887,29.69,70,103.5,1,1,24.66,23.31
4/17/2024 22:45,486,29.89,67,132,1,1,23.02,22.19
4/17/2024 22:46,703,24.08,49,18,1,1,23.76,22.14
4/17/2024 22:46,987,26.61,67,58.5,1,1,21.59,22.8
4/17/2024 22:46,998,23.81,52,73.5,1,1,22.38,20.82
4/17/2024 22:47,895,20.89,57,147,1,1,20.49,22.05
4/17/2024 22:47,583,22.1,40,28.5,1,1,24.26,21.07
4/17/2024 22:47,311,27.26,42,133.5,1,1,24.36,24.92
4/17/2024 22:48,867,28.6,69,87,1,1,20.77,20.77
4/17/2024 22:48,530,22.41,52,142.5,1,1,23.65,22.96
4/17/2024 22:48,529,21.97,42,79.5,1,1,22.76,20.1
4/17/2024 22:49,416,28.21,43,13.5,1,1,24.24,22.02
4/17/2024 22:49,312,20.98,62,132,1,1,22.13,23.58
4/17/2024 22:49,339,26.53,60,82.5,1,1,23.65,24.09
4/17/2024 22:50,772,22.67,45,40.5,1,1,24.26,22.58
4/17/2024 22:50,683,24.98,40,45,1,1,21.16,24.54
4/17/2024 22:50,568,26.91,68,30,1,1,24.55,22.16
4/17/2024 22:51,571,24.72,50,46.5,1,1,23.03,23.88
4/17/2024 22:51,698,20.07,65,117,1,1,21.43,21.11
4/17/2024 22:51,915,24.32,59,49.5,1,1,22.9,20.03
4/17/2024 22:52,526,21.68,49,42,1,1,24.01,24.22
4/17/2024 22:52,706,27.15,53,51,1,1,21.85,23.03
4/17/2024 22:52,447,29.02,55,13.5,1,1,22.55,21.5
4/17/2024 22:53,621,21.53,50,75,1,1,23.34,21.74
4/17/2024 22:53,931,21.35,70,85.5,1,1,22.76,22.63
4/17/2024 22:53,599,21.37,55,63,1,1,22.88,21.75
4/17/2024 22:54,960,28.66,55,69,1,1,21.13,24.54
4/17/2024 22:54,414,29.77,43,16.5,1,1,22.39,20.46
4/17/2024 22:54,514,29.76,41,18,1,1,20.88,20.44
4/17/2024 22:55,837,25.96,67,37.5,1,1,21.15,23.47
4/17/2024 22:55,912,24.79,66,48,1,1,24.5,21.2
4/17/2024 22:55,515,23.97,40,148.5,1,1,22.1,24.34
4/17/2024 22:56,647,26.18,55,144,1,1,21.87,20.55
4/17/2024 22:56,312,26.09,42,63,1,1,23.49,24.2
4/17/2024 22:56,383,28.1,43,52.5,1,1,20.33,24.92
4/17/2024 22:57,980,23.46,55,21,1,1,20.84,20.74
4/17/2024 22:57,977,21.91,41,145.5,1,1,21.09,21.17
4/17/2024 22:57,461,22.34,55,1.5,1,1,24.16,21.27
4/17/2024 22:58,901,23.2,47,54,1,1,24.81,23.77
4/17/2024 22:58,760,21.06,70,136.5,1,1,21.7,24
4/17/2024 22:58,829,20.12,63,91.5,1,1,24.18,22.76
4/17/2024 22:59,785,29.84,68,91.5,1,1,22.22,24.5
4/17/2024 22:59,398,26.11,59,124.5,1,1,24.36,23.56
4/17/2024 22:59,964,29.88,61,130.5,1,1,24.99,24.95
4/17/2024 23:00,703,27.61,64,87,1,1,23.68,24.44
4/17/2024 23:00,331,22.13,69,49.5,1,1,24.69,21.99
4/17/2024 23:00,988,26.66,67,90,1,1,24.61,24.53
4/17/2024 23:01,795,28.64,57,144,1,1,21.73,20.21
4/17/2024 23:01,480,21.49,42,6,1,1,20.14,24.63
4/17/2024 23:01,670,29.53,70,33,1,1,22.09,24.19
4/17/2024 23:02,607,20.11,51,58.5,1,1,23.29,20.76
4/17/2024 23:02,582,21.72,64,147,1,1,23.7,20.04
4/17/2024 23:02,468,20.13,51,51,1,1,22.37,22.24
4/17/2024 23:03,952,26.81,57,4.5,1,1,24.19,22.89
4/17/2024 23:03,405,22.41,50,46.5,1,1,22.24,23.72
4/17/2024 23:03,475,22.64,44,33,1,1,23.42,24.4
4/17/2024 23:04,645,27.07,57,49.5,1,1,24.51,20.53
4/17/2024 23:04,881,27.79,55,37.5,1,1,20.08,22.79
4/17/2024 23:04,995,28.64,56,31.5,1,1,21.04,24.52
4/17/2024 23:05,949,26.76,43,111,1,1,24.33,24.8
4/17/2024 23:05,329,24.84,65,142.5,1,1,23.37,24.9
4/17/2024 23:05,462,29.95,42,96,1,1,22.17,23.87
4/17/2024 23:06,841,23.5,65,120,1,1,24.42,21.59
4/17/2024 23:06,786,29.74,55,66,1,1,22.69,22.56
4/17/2024 23:06,413,29.03,51,79.5,1,1,24.33,24.12
4/17/2024 23:07,750,27.96,62,6,1,1,21.77,20.24
4/17/2024 23:07,879,25.42,59,16.5,1,1,20.11,20.43
4/17/2024 23:07,529,24.29,52,55.5,1,1,24.99,23.1
4/17/2024 23:08,351,24.14,60,112.5,1,1,24.59,23.39
4/17/2024 23:08,591,23.77,46,147,0,1,24.38,21.01
4/17/2024 23:08,775,28.08,67,9,0,1,21.18,21.31
4/17/2024 23:09,332,29.36,66,63,1,1,23.01,23.73
4/17/2024 23:09,743,21.8,59,12,1,1,24.23,21.57
4/17/2024 23:09,375,21.45,67,111,1,1,23.52,24.17
4/17/2024 23:10,685,26.06,51,102,1,1,22.35,24.82
